id,created_at,value
0FVE7NZ9THWNQVR746CBWMAPVQ,2025-04-02T04:22:46Z,32.5
0FVE7NW5QXZ5ZTD4F9R2TJCD4M,2025-04-02T04:22:36Z,32.5
0FVE7NS3WB9ZPVS850BZ1SG9BE,2025-04-02T04:22:26Z,32.5
0FVE7NP0SXQGHBJPNDX67CFN84,2025-04-02T04:22:16Z,32.5
0FVE7NJXPWAXQR6V8Z7XC05YSR,2025-04-02T04:22:05Z,32.5
0FVE7NFTQGMC96BM9RSCM9C7TC,2025-04-02T04:21:55Z,32.5
0FVE7NCQPPJN77DXV2Z0Y3BY50,2025-04-02T04:21:45Z,32.5
0FVE7N9MQ9T4FT5DS6QQM39FCX,2025-04-02T04:21:35Z,32.6
0FVE7N6HPXTHPXYWEJ044CGGH0,2025-04-02T04:21:25Z,32.6
0FVE7N3EQS9BNP5AZXJYHJ9XTK,2025-04-02T04:21:15Z,32.5
0FVE7N0BSCS3CTXNS557JNYR2Q,2025-04-02T04:21:05Z,32.5
0FVE7MX8PHYVYECWJ8YW1TZ22C,2025-04-02T04:20:54Z,32.5
0FVE7MT5PG104GZWSHGSN5NECW,2025-04-02T04:20:44Z,32.5
0FVE7MQ3TC39QN27R3RQMP05J0,2025-04-02T04:20:34Z,32.5
0FVE7MKZV10GF1CZ9N7BBTGY8N,2025-04-02T04:20:24Z,32.5
0FVE7MGWTYP9225YEVXZ1571SR,2025-04-02T04:20:14Z,32.5
0FVE7MDTPSH6D6ZW1YEB6VM51E,2025-04-02T04:20:04Z,32.5
0FVE7MAQQ588ABXJRWQGVC18G2,2025-04-02T04:19:54Z,32.5
0FVE7M7N0G29RBEXYQM3K5GQKH,2025-04-02T04:19:44Z,32.5
0FVE7M4HNGA2TZTVFV970V21HB,2025-04-02T04:19:33Z,32.5
0FVE7M1ESPWM5G3M71QDM2NTAD,2025-04-02T04:19:23Z,32.5
0FVE7KYBS2CAZJJB4PGYP5RK61,2025-04-02T04:19:13Z,32.5
0FVE7KV9P4227E9SRJHB18WWVP,2025-04-02T04:19:03Z,32.5
0FVE7KR7ZRHZE8NAV4PTC89DM3,2025-04-02T04:18:53Z,32.5
0FVE7KN2NCS872CWTZ476HNEWS,2025-04-02T04:18:43Z,32.5
0FVE7KHZVJ7HKH7ZE8K2X3VY6C,2025-04-02T04:18:33Z,32.5
0FVE7KEWVZ7VEF8EDWMECYMPAN,2025-04-02T04:18:23Z,32.4
0FVE7KBSYAHJERV8K7H4S7Z2GB,2025-04-02T04:18:12Z,32.4
0FVE7K8PP2B2FNG6G8KX69S0EA,2025-04-02T04:18:02Z,32.4
0FVE7K5MT2QQWN8HZQS93PD7HV,2025-04-02T04:17:52Z,32.4
0FVE7K2GQYVK4X5RS5EFNT9ZGE,2025-04-02T04:17:42Z,32.4
0FVE7JZERC677P00V5Y1340HCS,2025-04-02T04:17:32Z,32.4
0FVE7JWBTYS07NF28951XD7Q4K,2025-04-02T04:17:22Z,32.4
0FVE7JS8RS658TN380J9M2GRPC,2025-04-02T04:17:12Z,32.4
0FVE7JP5RRY5HXJRDMTGGWK4K4,2025-04-02T04:17:02Z,32.4
0FVE7JK2PP4FXP28333ED6QCV3,2025-04-02T04:16:51Z,32.4
0FVE7JFZTKYRE2P8E886D79ZPP,2025-04-02T04:16:41Z,32.4
0FVE7JCWQTFA84CPHBJVM5CT09,2025-04-02T04:16:31Z,32.4
0FVE7J9SV5Y3E4HZ8EJPA0PE77,2025-04-02T04:16:21Z,32.4
0FVE7J6PPK8CXGSD83R7XQAZS7,2025-04-02T04:16:11Z,32.4
0FVE7J3KSVARZ55M8S8SSNT2XF,2025-04-02T04:16:01Z,32.4
0FVE7J0GTDMJ0AB1DWB7PS706A,2025-04-02T04:15:51Z,32.4
0FVE7HXDQ6PSMKJB0T1DFAKWVR,2025-04-02T04:15:40Z,32.4
0FVE7HTAP748480HAE0Q99DPHP,2025-04-02T04:15:30Z,32.4
0FVE7HQ7SP9FCQ15H1PB6SQ65P,2025-04-02T04:15:20Z,32.4
0FVE7HM4XG3R6HVNJS2ZBDV0YC,2025-04-02T04:15:10Z,32.4
0FVE7HH1R1X5YSD95G6288YSTB,2025-04-02T04:15:00Z,32.4
0FVE7HDYQ53B123CG9KQPQWB9H,2025-04-02T04:14:50Z,32.4
0FVE7HAWTDMG5QEQ101X8W2Y4J,2025-04-02T04:14:40Z,32.4
0FVE7H7RPNBGKQQKBYF2CXDMAJ,2025-04-02T04:14:29Z,32.4
0FVE7H4PN28QDJAHTKD2YPSZP3,2025-04-02T04:14:19Z,32.4
0FVE7H1KTCFSF26BV88ZZN1MYE,2025-04-02T04:14:09Z,32.4
0FVE7GYGS0R6FF9NAXTQGD38EB,2025-04-02T04:13:59Z,32.4
0FVE7GVDRR5ENG8XKKB049DT3A,2025-04-02T04:13:49Z,32.4
0FVE7GRAQSCD15PVVAGDPW77FT,2025-04-02T04:13:39Z,32.4
0FVE7GN7N70GZYES4H1YCECNAT,2025-04-02T04:13:29Z,32.4
0FVE7GJ4SACXGCBBCK9MYBQ4CV,2025-04-02T04:13:19Z,32.4
0FVE7GF1X9M6PZP9RHY53DY909,2025-04-02T04:13:08Z,32.4
0FVE7GBYQQVRVPCV8QHYQP3ZSP,2025-04-02T04:12:58Z,32.4
0FVE7G8VRAA31D4S3QZVSRHYVH,2025-04-02T04:12:48Z,32.4
0FVE7G5RPNJ3CZHRF9WMNWGHG1,2025-04-02T04:12:38Z,32.4
0FVE7G2NQPZXYE3A8X76F5HCDK,2025-04-02T04:12:28Z,32.4
0FVE7FZJR6V4EF7J32M3X3BC64,2025-04-02T04:12:18Z,32.4
0FVE7FWFQRCCS006B98ZEBN5FQ,2025-04-02T04:12:08Z,32.4
0FVE7FSCP80K5BX1C068RG623P,2025-04-02T04:11:57Z,32.4
0FVE7FPAP3YZK6CKRBC3FZD739,2025-04-02T04:11:47Z,32.4
0FVE7FK6PQ4E82VBP6SWZ9AK45,2025-04-02T04:11:37Z,32.4
0FVE7FG3V1X0VQCK56G68CGFXA,2025-04-02T04:11:27Z,32.4
0FVE7FD1S0Z6P0XMTFW79F90TF,2025-04-02T04:11:17Z,32.4
0FVE7F9YPD6EA7WDHGFRRWSFSX,2025-04-02T04:11:07Z,32.4
0FVE7F6VNWA79KNSPD38KG361A,2025-04-02T04:10:57Z,32.3
0FVE7F3RNYWHNF2W1586Z10DGG,2025-04-02T04:10:47Z,32.3
0FVE7F0NP3742KZRGFXKYGW5RA,2025-04-02T04:10:36Z,32.3
0FVE7EXJT4DF6SMCJW3T9RMCBJ,2025-04-02T04:10:26Z,32.3
0FVE7ETFP1K6SDNB8JXJFHMY35,2025-04-02T04:10:16Z,32.3
0FVE7EQCQ120GZMA21X8FB8YFN,2025-04-02T04:10:06Z,32.3
0FVE7EM9R6PD9G8TKXRSNCN8PG,2025-04-02T04:09:56Z,32.3
0FVE7EH5Q4FSQF5DAD1DT4MQVQ,2025-04-02T04:09:46Z,32.2
0FVE7EE3ZBJ1K7B3V66JTQPVG3,2025-04-02T04:09:36Z,32.2
0FVE7EB0Y9F3DBH1DXF37YZAMH,2025-04-02T04:09:26Z,32.2
0FVE7E7XNWTN52X37JMWCB3REW,2025-04-02T04:09:15Z,32.2
0FVE7E4VT4H7HS4FYCRSVZF6M6,2025-04-02T04:09:05Z,32.2
0FVE7E1QQDW66NC0BYB1YK7G96,2025-04-02T04:08:55Z,32.2
0FVE7DYNW2GR2P7KF57E25TDF8,2025-04-02T04:08:45Z,32.2
0FVE7DVJR6WD5XX9WJJB7A48KT,2025-04-02T04:08:35Z,32.2
0FVE7DRFT6NT2KJMSQPVHG353S,2025-04-02T04:08:25Z,32.2
0FVE7DNCQZF7A5Y25131HJDAE4,2025-04-02T04:08:15Z,32.2
0FVE7DJ9R273N9RFSHNVR78SMS,2025-04-02T04:08:05Z,32.2
0FVE7DF6R3D3KZDVWVD253F6FX,2025-04-02T04:07:54Z,32.2
0FVE7DC3PDNZQRZDYG8092Z3SN,2025-04-02T04:07:44Z,32.2
0FVE7D9116ENPPG677E3TQMNRP,2025-04-02T04:07:34Z,32.2
0FVE7D5XW735FGKXG8C87PRN2F,2025-04-02T04:07:24Z,32.3
0FVE7D2TTEHMNE9S17V66RQ5NG,2025-04-02T04:07:14Z,32.3
0FVE7CZRPZ1QFH95A2W6QT3GTH,2025-04-02T04:07:04Z,32.3
0FVE7CWMRHJNP1K063TZBRC0FV,2025-04-02T04:06:54Z,32.4
0FVE7CSHX90GXD1XZDNA3V6K76,2025-04-02T04:06:43Z,32.4
0FVE7CPER9PM173DZET72XGQDH,2025-04-02T04:06:33Z,32.4
0FVE7CKCQSR9C2N9KKV8N4FBS9,2025-04-02T04:06:23Z,32.4
0FVE7CG8TFXJ0H7SF71CNCN7W8,2025-04-02T04:06:13Z,32.4
0FVE7CD6Q8759KCNXQ959V78H2,2025-04-02T04:06:03Z,32.4
0FVE7CA3RPZEKGAGS65HHYDGAS,2025-04-02T04:05:53Z,32.4
0FVE7C71R7V29P6C7PRF4DW04K,2025-04-02T04:05:43Z,32.4
0FVE7C3XTYS061VM0Q6PGS6T3C,2025-04-02T04:05:33Z,32.4
0FVE7C0TQW6ZMKD8488H09D52B,2025-04-02T04:05:22Z,32.4
0FVE7BXQPDS1PQYJMC9W358E68,2025-04-02T04:05:12Z,32.4
0FVE7BTMPM8JWGFPK04C7YF1ZC,2025-04-02T04:05:02Z,32.4
0FVE7BQHPJ8BA6JXB94S1AYMQ3,2025-04-02T04:04:52Z,32.4
0FVE7BMEPTEA0TE58ACW5PB58X,2025-04-02T04:04:42Z,32.4
0FVE7BHBRXX8NJKHQHFJZ1HYFB,2025-04-02T04:04:32Z,32.4
0FVE7BE8TE0BQGVBR3MPX17FK9,2025-04-02T04:04:22Z,32.4
0FVE7BB5XESR376XQ4Z7YNSH81,2025-04-02T04:04:11Z,32.4
0FVE7B82PD1C3RSM9QEF2A1Q49,2025-04-02T04:04:01Z,32.4
0FVE7B50T48XG1KXTY78TK1BRK,2025-04-02T04:03:51Z,32.4
0FVE7B1XSH5CE8X7A211KKA991,2025-04-02T04:03:41Z,32.4
0FVE7AYSPZPR13WNK1E3GT4G6X,2025-04-02T04:03:31Z,32.4
0FVE7AVQPXADBM8PXK97N5NGZG,2025-04-02T04:03:21Z,32.4
0FVE7ARMWMSPE0EAGMJV2PSMCF,2025-04-02T04:03:11Z,32.4
0FVE7ANJXFMZRJ0CMJSDTH3BRK,2025-04-02T04:03:01Z,32.4
0FVE7AJEQJBPR9NRACK1TF6GA2,2025-04-02T04:02:50Z,32.4
0FVE7AFBTWRF97TR5NVSRSB5QZ,2025-04-02T04:02:40Z,32.3
0FVE7AC8NW60516BB64KXDCS52,2025-04-02T04:02:30Z,32.3
0FVE7A95S2RWZD72E0WK1H4M2J,2025-04-02T04:02:20Z,32.3
0FVE7A63MSDA57PJYQCHMYV0NP,2025-04-02T04:02:10Z,32.3
0FVE7A2ZTRCR5MM4EPYCA8ZTBF,2025-04-02T04:02:00Z,32.3
0FVE79ZXRXK1SKMJXTNYB5PC6W,2025-04-02T04:01:50Z,32.3
0FVE79WSSB7Q1K9A1GDYKT7NM2,2025-04-02T04:01:40Z,32.3
0FVE79SPSTMVSZRDVGTE5BTXPE,2025-04-02T04:01:29Z,32.2
0FVE79PKQMNQM8HFJNSV3TPKN8,2025-04-02T04:01:19Z,32.2
0FVE79KGTPQTTJ39FYHYJ0ENT0,2025-04-02T04:01:09Z,32.2
0FVE79GDXR5J7GS1XTGB8Z9Q0D,2025-04-02T04:00:59Z,32.2
0FVE79DBPMCEWP48T6MJHBESVS,2025-04-02T04:00:49Z,32.2
0FVE79A7PAC7NA6K69ATV5WT4E,2025-04-02T04:00:39Z,32.1
0FVE7975PH4R0ASWP0Z17N1HTE,2025-04-02T04:00:29Z,32.1
0FVE7942PND08VKW3KP20FJN6W,2025-04-02T04:00:19Z,32.1
0FVE790ZPTF7WZC0A87Y9S93R3,2025-04-02T04:00:08Z,32.1
0FVE78XXPB373X8F25MX9VKBW3,2025-04-02T03:59:58Z,32.1
0FVE78TSVJX69NPPA7WXBTNGR5,2025-04-02T03:59:48Z,32.1
0FVE78QPNS8JQCY1V7T9M3FTN0,2025-04-02T03:59:38Z,32.1
0FVE78MKR13F249RPVJAVFV174,2025-04-02T03:59:28Z,32.2
0FVE78HFR8VA1EQ5KP0PPY8S8S,2025-04-02T03:59:18Z,32.3
0FVE78EDVBQMZV3S73JKFAQF3F,2025-04-02T03:59:08Z,32.3
0FVE78BA1F1Y876WJ0S66B1A1K,2025-04-02T03:58:57Z,32.4
0FVE7887SQNTQGZD7TNSF5B02Y,2025-04-02T03:58:47Z,32.4
0FVE7855REZKQ4BZVCAV90V4HG,2025-04-02T03:58:37Z,32.4
0FVE7821P572PP9FVST5V1N90D,2025-04-02T03:58:27Z,32.4
0FVE77YYP3ZYGZ0DZTK97YR9YR,2025-04-02T03:58:17Z,32.4
0FVE77VWNX8ZTPA0651RGA0VAP,2025-04-02T03:58:07Z,32.4
0FVE77RRSH7CE1PX9FNSV5Z2SY,2025-04-02T03:57:57Z,32.3
0FVE77NPNZTZ86PG9EPDM38328,2025-04-02T03:57:47Z,32.4
0FVE77JKQG3PZZ9XC1XA9MBD88,2025-04-02T03:57:36Z,32.3
0FVE77FGR2PWX40GRK2DTJNT0Y,2025-04-02T03:57:26Z,32.3
0FVE77CDVB73TJZYY0HY6DA2GN,2025-04-02T03:57:16Z,32.3
0FVE779B3XX53M2FXGYKM8VZ8G,2025-04-02T03:57:06Z,32.3
0FVE7767RTEB93PVXASWAF3VBX,2025-04-02T03:56:56Z,32.3
0FVE7734R97HMQDK7Y822RH8B5,2025-04-02T03:56:46Z,32.3
0FVE7702MJB1KKXCTSCFPCJ2VN,2025-04-02T03:56:36Z,32.3
0FVE76WYV9AZ6RMKZH0VYTKTBZ,2025-04-02T03:56:25Z,32.3
0FVE76SVRV5W1ZHQXA64RP96FW,2025-04-02T03:56:15Z,32.3
0FVE76PRP3R5R47NJ4ETYFWPAG,2025-04-02T03:56:05Z,32.3
0FVE76KPQB300MRT4ZBN1N1FKG,2025-04-02T03:55:55Z,32.3
0FVE76GJPVN1WH4PA7CQRBCK7D,2025-04-02T03:55:45Z,32.3
0FVE76DGMHX3MFVC5Q890M2XEX,2025-04-02T03:55:35Z,32.3
0FVE76ADND481CWAKQHFXNYMPE,2025-04-02T03:55:25Z,32.3
0FVE767AWCK0TXDB8N59ZQS3AV,2025-04-02T03:55:15Z,32.3
0FVE7647XGG4ZXYF99DCK6XZX8,2025-04-02T03:55:04Z,32.3
0FVE7614NV40AT0Z09PPNNHFFP,2025-04-02T03:54:54Z,32.3
0FVE75Y1R4TXGXEATSMQT9PH3C,2025-04-02T03:54:44Z,32.3
0FVE75TYSHMBWZE8424P7EJQDP,2025-04-02T03:54:34Z,32.3
0FVE75QWX37N75FZ4M15W0GBWE,2025-04-02T03:54:24Z,32.3
0FVE75MRS3SM0G588JXXXQGB5K,2025-04-02T03:54:14Z,32.3
0FVE75HNREVW46BPSJCMZYFC04,2025-04-02T03:54:04Z,32.3
0FVE75EJVEB2VNRH1BQHW2D1XC,2025-04-02T03:53:54Z,32.3
0FVE75BFR9YHW74ZQAGYBVET0T,2025-04-02T03:53:43Z,32.3
0FVE758CSE2482AAKGD27HZVYS,2025-04-02T03:53:33Z,32.3
0FVE7559PPY1K7XYKKCXGBTRJ9,2025-04-02T03:53:23Z,32.3
0FVE7526QBT948Z59WTKWSC1GQ,2025-04-02T03:53:13Z,32.2
0FVE74Z3P0GNZP193SR369S0SF,2025-04-02T03:53:03Z,32.2
0FVE74W1T1SVE71E8XSGVQRZ80,2025-04-02T03:52:53Z,32.2
0FVE74RXRX4TN45QQC5WC1QN2D,2025-04-02T03:52:43Z,32.3
0FVE74NVQNCRXCG817CCD3RQXC,2025-04-02T03:52:32Z,32.3
0FVE74JRREP0RBKX7K1DGC3AZW,2025-04-02T03:52:22Z,32.3
0FVE74FNNXV8CAHKEH3878BFB9,2025-04-02T03:52:12Z,32.2
0FVE74CJQJG9K2CZ168NC9DR6P,2025-04-02T03:52:02Z,32.2
0FVE749FQV6EJH0Z0Y8MJB4085,2025-04-02T03:51:52Z,32.2
0FVE746CZGAPSZGPX4HZF82VV0,2025-04-02T03:51:42Z,32.2
0FVE7439RMT8YHCAHECBD930N0,2025-04-02T03:51:32Z,32.2
0FVE7406T4GK88N0Q7R2XK8Q94,2025-04-02T03:51:22Z,32.2
0FVE73X3WWF5GW0A6NJXSM5MQ1,2025-04-02T03:51:11Z,32.2
0FVE73T0SZN7Q7J9795R5BW4FE,2025-04-02T03:51:01Z,32.2
0FVE73PYT9CPJDX2535XD901X0,2025-04-02T03:50:51Z,32.2
0FVE73KVS0W8HK6DA0HNZXJHVP,2025-04-02T03:50:41Z,32.2
0FVE73GQQF2PDF09K5ZWMTQMCJ,2025-04-02T03:50:31Z,32.2
0FVE73DNSH5PWWFHXGX5Y8SX3N,2025-04-02T03:50:21Z,32.2
0FVE73AJSV1392K2KQD6CCWJY9,2025-04-02T03:50:11Z,32.2
0FVE737FRWXCQBS438G52KFWHQ,2025-04-02T03:50:01Z,32.2
0FVE734CYJZEGD7MPYTGVF90DR,2025-04-02T03:49:50Z,32.2
0FVE7319RSVTZX0Q13W8M2T55K,2025-04-02T03:49:40Z,32.2
0FVE72Y6R9DQXMWY26JYBY4NNZ,2025-04-02T03:49:30Z,32.1
0FVE72V3SW0AN69G7MNF60QBZB,2025-04-02T03:49:20Z,32.1
0FVE72QZPHVGRMSJ363VJ9K2MG,2025-04-02T03:49:10Z,32.1
0FVE72MXRG9SQJJWKF9T1S757Y,2025-04-02T03:49:00Z,32.1
0FVE72HTSM6ZXCG81ZQ2KRSR0K,2025-04-02T03:48:50Z,32.1
0FVE72ERXV4M79NT5M6MM8PTHX,2025-04-02T03:48:40Z,32.1
0FVE72BMSVNGSNCCJ84JZP1462,2025-04-02T03:48:29Z,32.1
0FVE728HPVFSK9NZMS1049220D,2025-04-02T03:48:19Z,32.1
0FVE725FQ19K6H00Z2WHN3QMW2,2025-04-02T03:48:09Z,32.1
0FVE722BQDERHKQM0ZM57J88GW,2025-04-02T03:47:59Z,32.1
0FVE71Z8R8QGP8J3W7KSDGK20S,2025-04-02T03:47:49Z,32.1
0FVE71W6T6JWRVP2T61QE3QS5P,2025-04-02T03:47:39Z,32.1
0FVE71S3NBASK3CAWJ1FYVMRAH,2025-04-02T03:47:29Z,32.2
0FVE71P0P3JADC6B0773912Y6C,2025-04-02T03:47:18Z,32.2
0FVE71JXP7SQM1F82MM5876Y78,2025-04-02T03:47:08Z,32.2
0FVE71FTYPWMA0QC12Q39AJCGR,2025-04-02T03:46:58Z,32.2
0FVE71CQR2NADTDPHDMX0S3XS2,2025-04-02T03:46:48Z,32.2
0FVE719MNRX8Z6SYV1QB53PQ8T,2025-04-02T03:46:38Z,32.2
0FVE716HS4J1JD6MDG8G2D0VSW,2025-04-02T03:46:28Z,32.2
0FVE713EV33MRYQX3XKZZ0HAPV,2025-04-02T03:46:18Z,32.2
0FVE710BNTSQ9TMZAE1M20XE6Q,2025-04-02T03:46:07Z,32.2
0FVE70X8N95ZCFXBV1EKTY5E96,2025-04-02T03:45:57Z,32.2
0FVE70T5QF7P3AKZ5SCHCEMDB2,2025-04-02T03:45:47Z,32.2
0FVE70Q2Q5DWXHR9RA4QD8PE13,2025-04-02T03:45:37Z,32.2
0FVE70M0QWKC7ZECTDZBRG6T8K,2025-04-02T03:45:27Z,32.2
0FVE70GWR6WRVNZYMGEGW905GY,2025-04-02T03:45:17Z,32.2
0FVE70DTPE4WX6VSBRF2CFE8Y6,2025-04-02T03:45:07Z,32.1
0FVE70AQQN6E1M25P1VG4QNAAK,2025-04-02T03:44:57Z,32.1
0FVE707MP6VWKTKF6V8Y4TZCH7,2025-04-02T03:44:46Z,32.1
0FVE704HY9AE13G3VS0VNM75PV,2025-04-02T03:44:36Z,32.1
0FVE701ETVXFMBE44RZJGXGERX,2025-04-02T03:44:26Z,32.1
0FVE6ZYCKY9NZNDRSGFC7SQEPN,2025-04-02T03:44:16Z,32.1
0FVE6ZV8Y51CJ9831ZVCW0V81N,2025-04-02T03:44:06Z,32.1
0FVE6ZR5V2528WR7Y2DVV7YZ5J,2025-04-02T03:43:56Z,32.1
0FVE6ZN3PH924SGEZY13CWN90D,2025-04-02T03:43:46Z,32.1
0FVE6ZHZSB1Z15NF2FMCWTCKMH,2025-04-02T03:43:36Z,32.1
0FVE6ZEWNE3H3WEFYGT4SD9G1K,2025-04-02T03:43:25Z,32.1
0FVE6ZBTQZ5ZER2TE9JG6ZA4BB,2025-04-02T03:43:15Z,32.1
0FVE6Z8PNMHSAZ8EKNPNVM0AWX,2025-04-02T03:43:05Z,32.1
0FVE6Z5MRJS671E31PCT801TRE,2025-04-02T03:42:55Z,32.1
0FVE6Z2GNK9E4RVX6RKJZW8DHS,2025-04-02T03:42:45Z,32.1
0FVE6YZFSKMJ4810RCRDBNFMV4,2025-04-02T03:42:35Z,32.1
0FVE6YWBQ64N4FT9GH9G9MJ0P7,2025-04-02T03:42:25Z,32.1
0FVE6YS9MQKX01F5KGX579FAQP,2025-04-02T03:42:15Z,32.1
0FVE6YP5PFXCDQ6PD6DAW9DXG0,2025-04-02T03:42:04Z,32.1
0FVE6YK2S16E8VXB5GEK5ERRDP,2025-04-02T03:41:54Z,32.1
0FVE6YFZQD5DH3Z6JNRHD1GHHM,2025-04-02T03:41:44Z,32.1
0FVE6YCWRS45Y86883ED7NV231,2025-04-02T03:41:34Z,32.1
0FVE6Y9SP3AW5QKFTXDVCRAMAC,2025-04-02T03:41:24Z,32.1
0FVE6Y6PPGNGBXEX0A8M8PASQ9,2025-04-02T03:41:14Z,32.1
0FVE6Y3KPPPCKMAD6MB5HBKXQK,2025-04-02T03:41:04Z,32.2
0FVE6Y0GQFF4Q8GZWQAN2NFMCX,2025-04-02T03:40:53Z,32.2
0FVE6XXETQ9SFXR5DE0STYQRQJ,2025-04-02T03:40:43Z,32.3
0FVE6XTAQM8V4Q38CP8S6VV9VZ,2025-04-02T03:40:33Z,32.3
0FVE6XQ7RYWS09NJZPDQHZ7413,2025-04-02T03:40:23Z,32.3
0FVE6XM5SF5FX6SST9SQHXGCDV,2025-04-02T03:40:13Z,32.3
0FVE6XH1QX6AWJSQZSNG3D2FK9,2025-04-02T03:40:03Z,32.3
0FVE6XDZQTXJ2J4TK5YRDEA1JD,2025-04-02T03:39:53Z,32.3
0FVE6XAWR9MEHXWDQW75CHYAFX,2025-04-02T03:39:43Z,32.3
0FVE6X7SQEFEPVK6VTWNEENBXZ,2025-04-02T03:39:32Z,32.3
0FVE6X4PTD1FT3MDYRX8BF2YQT,2025-04-02T03:39:22Z,32.3
0FVE6X1KQRAQTS81P2PWZA5KF8,2025-04-02T03:39:12Z,32.3
0FVE6WYGQV4BRTB2VD1AQ61RS6,2025-04-02T03:39:02Z,32.4
0FVE6WVDSWS6S2KAXZTRQ59G3H,2025-04-02T03:38:52Z,32.3
0FVE6WRAPPN084MN4TKTASWGY9,2025-04-02T03:38:42Z,32.4
0FVE6WN7P79QR9W34NNEB6Y9AQ,2025-04-02T03:38:32Z,32.3
0FVE6WJ4TPCQ7V6J8092C8H5Q5,2025-04-02T03:38:21Z,32.3
0FVE6WF1SFKST6EH6WSY9ZHV68,2025-04-02T03:38:11Z,32.3
0FVE6WBZQKM542Z3HCAACSZWG1,2025-04-02T03:38:01Z,32.3
0FVE6W8VPYDQ5Q2C7RYQ6KJM5E,2025-04-02T03:37:51Z,32.3
0FVE6W5RPVQZSY3BVXXJ0CE5VQ,2025-04-02T03:37:41Z,32.3
0FVE6W2PWVDKBTAEB35WNJRY5B,2025-04-02T03:37:31Z,32.3
0FVE6VZMZ0TBCXDQDRY5YS6JP1,2025-04-02T03:37:21Z,32.3
0FVE6VWGZCTG5PBFZ9TN3TKYBW,2025-04-02T03:37:11Z,32.3
0FVE6VSDQ045G8TQHB2EF4PMV9,2025-04-02T03:37:00Z,32.3
0FVE6VPARAF598MWBX18Y5R0WK,2025-04-02T03:36:50Z,32.2
0FVE6VK8TCGAB9AVZP3Y1DK956,2025-04-02T03:36:40Z,32.2
0FVE6VG4Q2ZKMCH2Y7B2SB2NNY,2025-04-02T03:36:30Z,32.2
0FVE6VD1VR3Y6AC0EC903D7FPS,2025-04-02T03:36:20Z,32.2
0FVE6V9YRXX8B2KE92W2JP4HBX,2025-04-02T03:36:10Z,32.1
0FVE6V6WPRKAVH93N8GB7DSYSN,2025-04-02T03:36:00Z,32.1
0FVE6V3RR0PHGNS2PQT3PJ2992,2025-04-02T03:35:49Z,32.1
0FVE6V0PTTFQJH0QPYR7TMS3TZ,2025-04-02T03:35:39Z,32.1
0FVE6TXJPK3P3C3T03AV00VEH6,2025-04-02T03:35:29Z,32.1
0FVE6TTGNX80XJS91R6VG2CKGB,2025-04-02T03:35:19Z,32.1
0FVE6TQCNSNKMJPMRA3K9R7G3W,2025-04-02T03:35:09Z,32.1
0FVE6TMB8MB246B8GGJ76D46H7,2025-04-02T03:34:59Z,32.1
0FVE6TH7SX80TBRCJ5E0PQ4B13,2025-04-02T03:34:49Z,32.1
0FVE6TE4NQYGQX1Q0RBZF7YQM5,2025-04-02T03:34:39Z,32.1
0FVE6TB1T7DQQNNZCAMTTJK3XP,2025-04-02T03:34:28Z,32.1
0FVE6T7YP71Z0S4QB8G7JB6X6N,2025-04-02T03:34:18Z,32.1
0FVE6T4VQ72N6ZFJF2BAXN0QY7,2025-04-02T03:34:08Z,32.1
0FVE6T1RR8MR175D3MKZ8H5C3Y,2025-04-02T03:33:58Z,32.1
0FVE6SYP4H0VCX4NZS6ZX1HP83,2025-04-02T03:33:48Z,32.0
0FVE6SVJSDHCB9JSPQKPKF2DKS,2025-04-02T03:33:38Z,32.0
0FVE6SRFQ6VZMD5AXYR9JS7KNT,2025-04-02T03:33:28Z,32.0
0FVE6SNCQ05X3P83PAA0V9RTWK,2025-04-02T03:33:18Z,32.1
0FVE6SJ9PYVXS0KGQCXX2CNHSZ,2025-04-02T03:33:07Z,32.1
0FVE6SF6K51Z29YQSYGEC050PT,2025-04-02T03:32:57Z,32.0
0FVE6SC3VPJ2V72G7CN87KEKF9,2025-04-02T03:32:47Z,32.0
0FVE6S90S2R43K7T56AWDFFQ9J,2025-04-02T03:32:37Z,32.0
0FVE6S5XRGDGJKRKAN3H4K717A,2025-04-02T03:32:27Z,31.9
0FVE6S2VSA25T9PM8AAEZFYD22,2025-04-02T03:32:17Z,31.9
0FVE6RZQQ59JTCA9PRR29417PM,2025-04-02T03:32:07Z,31.9
0FVE6RWPZMWF0HE1WAQ6ZQDW64,2025-04-02T03:31:57Z,31.9
0FVE6RSHT4S7FS6R8459JWAE66,2025-04-02T03:31:46Z,31.8
0FVE6RPFNAGVZT9J9Z4E07CAQH,2025-04-02T03:31:36Z,31.8
0FVE6RKDPVDK9K5NXJMXP62Z5W,2025-04-02T03:31:26Z,31.9
0FVE6RG9PCP51MH55HKS43TAK1,2025-04-02T03:31:16Z,31.8
0FVE6RD6T0EMMERVKC36ZFY92W,2025-04-02T03:31:06Z,31.8
0FVE6RA3TWDPHDKHND68GZF6BC,2025-04-02T03:30:56Z,31.8
0FVE6R70WRXB5FDG368D3R0NFK,2025-04-02T03:30:46Z,31.8
0FVE6R3YSMK51R9AQR0WQ006CK,2025-04-02T03:30:36Z,31.8
0FVE6R0TQP1K9Z06GPWPNZJ21Z,2025-04-02T03:30:25Z,31.8
0FVE6QXRZ0CPMV7CPNKED81RS1,2025-04-02T03:30:15Z,31.8
0FVE6QTQP635AWQNGHX78DFKX9,2025-04-02T03:30:05Z,31.8
0FVE6QQHTPJ0ZPK8W6HT4FTEQR,2025-04-02T03:29:55Z,31.8
0FVE6QMFSCHTQ9821205XE7J1N,2025-04-02T03:29:45Z,31.8
0FVE6QHBVS1FDD9NH0JZNFRS1Q,2025-04-02T03:29:35Z,31.8
0FVE6QE9TV43K83Q9DQWG1YPKY,2025-04-02T03:29:25Z,31.8
0FVE6QBQQG5P1AZX4MAXXK0NN1,2025-04-02T03:29:16Z,31.8
0FVE6Q83TGND7C1QC44H8NF22Y,2025-04-02T03:29:04Z,31.8
0FVE6Q4ZTNYQDCKZGAMPH5Z537,2025-04-02T03:28:54Z,31.7
0FVE6Q1XRFVSCRQDG0Z2E7JNK8,2025-04-02T03:28:44Z,31.7
0FVE6PYVSQ64TSY911Y22KF3BE,2025-04-02T03:28:34Z,31.7
0FVE6PVQPJQPHWV3FZ8N64XWS3,2025-04-02T03:28:24Z,31.7
0FVE6PRMPBMSC6751V9WSMWNX2,2025-04-02T03:28:14Z,31.7
0FVE6PNGTFSNDJN2PV9CM1SSW9,2025-04-02T03:28:03Z,31.7
0FVE6PJEPV9CHD4S501TJ8CPW8,2025-04-02T03:27:53Z,31.7
0FVE6PFBSFG967M9RHX5V71PBR,2025-04-02T03:27:43Z,31.7
0FVE6PC9RH3PPC3DWFK4TEAPKN,2025-04-02T03:27:33Z,31.7
0FVE6P96Q31PY5G8JRF4X2V4N7,2025-04-02T03:27:23Z,31.7
0FVE6P62RRNY19XN1JGNDNPDSA,2025-04-02T03:27:13Z,31.7
0FVE6P31T8GYH8HGDJQXWX9Z13,2025-04-02T03:27:03Z,31.7
0FVE6NZZTK6CJT0GGZK5BF701A,2025-04-02T03:26:53Z,31.7
0FVE6NWZWXE72XDSRGKQM9JV6R,2025-04-02T03:26:43Z,31.8
0FVE6NSF0KRD932A03X9V9RN5H,2025-04-02T03:26:31Z,31.8
0FVE6NNPR92D1PMD37JMQ4Q2Y7,2025-04-02T03:26:19Z,31.8
0FVE6NJ118GQMMH1X8YM4Y6EX3,2025-04-02T03:26:07Z,31.9
0FVE6NC0T6JV5BXXNH0EH2Q526,2025-04-02T03:25:47Z,31.9
0FVE6N8XRA0Q705VZPW9KENYFN,2025-04-02T03:25:37Z,31.9
0FVE6N5TWVPX44NQ4EX7MS7TW1,2025-04-02T03:25:27Z,31.9
0FVE6N2QXHH6QY18DDSWWY2X75,2025-04-02T03:25:17Z,31.9
0FVE6MZMTJWKX3NSR36TAR6XYB,2025-04-02T03:25:07Z,31.9
0FVE6MWHTMZ3B2SGMP4SW6M9QS,2025-04-02T03:24:57Z,31.9
0FVE6MSEN0RVJQFM19X6ZVWAD1,2025-04-02T03:24:47Z,31.9
0FVE6MPBQ6HAZB5CC55KG2AFXG,2025-04-02T03:24:36Z,31.9
0FVE6MK8PSKJV1AD02S67VYTFM,2025-04-02T03:24:26Z,31.9
0FVE6MG5P6RBCWQQTN6CTWJNXT,2025-04-02T03:24:16Z,31.9
0FVE6MD2QJ9K7MA6X14HFQ5XTA,2025-04-02T03:24:06Z,31.9
0FVE6MA0TA8Y5C0G0JEC97TZ4T,2025-04-02T03:23:56Z,31.9
0FVE6M6XS5926GJT552R6KXTA4,2025-04-02T03:23:46Z,31.9
0FVE6M3TYHPN9ZK2SVDNWKQE8W,2025-04-02T03:23:36Z,31.9
0FVE6M0QQ718VST9RJAPGTCSB6,2025-04-02T03:23:26Z,31.9
0FVE6KVTN3DQ0KWGPDE2SHTVRZ,2025-04-02T03:23:09Z,31.9
0FVE6KRQPCVBZDT0ZK03MKHYHK,2025-04-02T03:22:59Z,31.9
0FVE6KNMP92KPYG0TN4CR7ZJ32,2025-04-02T03:22:49Z,31.9
0FVE6KJHNMP6D0J7F3Z4CEEG41,2025-04-02T03:22:39Z,31.9
0FVE6KFESGAR9E1ZJGM52MF85Q,2025-04-02T03:22:29Z,31.9
0FVE6KCBQGCK367NWPVWH8794G,2025-04-02T03:22:19Z,31.8
0FVE6K98W7PJQH5FHXQN0Y5EV3,2025-04-02T03:22:09Z,31.8
0FVE6K65ZX6P5KR6XCGFMNDK7Q,2025-04-02T03:21:59Z,31.8
0FVE6K32QB3YTEMPET1H7BVQKA,2025-04-02T03:21:48Z,31.8
0FVE6JZCVBK5TJ08CWTHM6PN7G,2025-04-02T03:21:36Z,31.8
0FVE6JVZP3W2WNB9HZZD5P7Z8P,2025-04-02T03:21:25Z,31.8
0FVE6JRKQEANSN07GYSCCYW0Z4,2025-04-02T03:21:14Z,31.8
0FVE6JNGSKMJ7DV8SKD25WZTK5,2025-04-02T03:21:04Z,31.8
0FVE6JJDPMEJ0T717NSZHD61TY,2025-04-02T03:20:54Z,31.8
0FVE6JFATHEA6EMA1D2DEQKMWN,2025-04-02T03:20:44Z,31.9
0FVE6JC7RBK1RYK9HRXAY94KP3,2025-04-02T03:20:34Z,31.9
0FVE6J95P73XTAMSH2MDS4GHJQ,2025-04-02T03:20:23Z,31.8
0FVE6J61WS5JHE73WWWRFA39N2,2025-04-02T03:20:13Z,31.8
0FVE6J2E3H529KYJ21WFWNAJCK,2025-04-02T03:20:01Z,31.8
0FVE6HZ8QBCTPHYRNZCHJE490E,2025-04-02T03:19:51Z,31.8
0FVE6HW5QB1FCKFXJ6F39H6R62,2025-04-02T03:19:41Z,31.9
0FVE6HS2NJTSCBD7AMM3NZAPJ1,2025-04-02T03:19:31Z,31.9
0FVE6H9MNB32X05BM272693MR2,2025-04-02T03:18:40Z,31.9
0FVE6H5XTJX08MG13MQ8AGJF49,2025-04-02T03:18:28Z,31.9
0FVE6H2HQDC20YV85H7HWFPR6D,2025-04-02T03:18:17Z,31.9
0FVE6GZ4QCB08QXWKZDYE36183,2025-04-02T03:18:06Z,32.0
0FVE6GW1NH6YGD3A44YS0AVR7Q,2025-04-02T03:17:56Z,32.0
0FVE6GRYNECXJXGE15089ZS9ER,2025-04-02T03:17:45Z,32.0
0FVE6GNWTGHXKCM94X5VV007M8,2025-04-02T03:17:35Z,32.0
0FVE6GJSRTD21AKY7DP1GNMD1R,2025-04-02T03:17:25Z,32.0
0FVE6GF2R1TN0S3Y8ZBGMD4AVB,2025-04-02T03:17:13Z,32.0
0FVE6G2PRZ9DT6NSFCJVDY2J8B,2025-04-02T03:16:33Z,32.0
0FVE6FZMW783JR7XA6D71BNCZC,2025-04-02T03:16:23Z,32.0
0FVE6FWHPTXH5FHMPNJ3388TZJ,2025-04-02T03:16:12Z,32.0
0FVE6FSER4D4EFDEH59ASA40MA,2025-04-02T03:16:02Z,32.0
0FVE6FPCSSNKMMS0M968N0KRN3,2025-04-02T03:15:52Z,31.9
0FVE6FK9PSF1MZMB56R7VNH5R4,2025-04-02T03:15:42Z,31.9
0FVE6FG6PHH4HHWMMJWZDR4CA0,2025-04-02T03:15:32Z,31.9
0FVE6FD3YYBNF5AXQV251WXC22,2025-04-02T03:15:22Z,31.9
0FVE6FA2VKBP1CVHVHE11WRQND,2025-04-02T03:15:12Z,31.9
0FVE6F6XRJRKD89KVMG68812S3,2025-04-02T03:15:02Z,31.9
0FVE6F3TTXFWMQT41MH5MB4YAB,2025-04-02T03:14:51Z,31.9
0FVE6EXYW8YD5MTFX2X7VMA9HC,2025-04-02T03:14:32Z,31.9
0FVE6ETVQ2B69GDRBTN10N7MNC,2025-04-02T03:14:22Z,31.9
0FVE6EQRRAMYQ7SEABKGWTHMK2,2025-04-02T03:14:12Z,31.9
0FVE6EGDPW197XV0QK56Q450YF,2025-04-02T03:13:48Z,31.9
0FVE6EDAVWPE26QJEZYV9S3R19,2025-04-02T03:13:38Z,31.9
0FVE6EA8R3VQ7VP4SP56WK38EJ,2025-04-02T03:13:28Z,31.9
0FVE6E74WQJMBBZKTV2F6N91TS,2025-04-02T03:13:17Z,31.9
0FVE6DZQPQDC58A2SNFHTWSWBB,2025-04-02T03:12:53Z,31.9
0FVE6DWMXX2QE11CGQ6DQ54EXP,2025-04-02T03:12:43Z,31.9
0FVE6DSHPXYVZ8F8ZPG0KRSPZ1,2025-04-02T03:12:33Z,31.9
0FVE6DPEST07SA7TA5235MDKZX,2025-04-02T03:12:23Z,31.9
0FVE6DKBQENXCKB4QR6ZJ82TPB,2025-04-02T03:12:13Z,31.9
0FVE6DG8R9QJ4K98027RR29SA6,2025-04-02T03:12:02Z,31.8
0FVE6DD5TYW5VM2SWVW0X9VKHF,2025-04-02T03:11:52Z,31.8
0FVE6DA2S7S6X2HW18YMBTY9XH,2025-04-02T03:11:42Z,31.8
0FVE6D6ZSDXSGSPQ1D23P6P0E4,2025-04-02T03:11:32Z,31.8
0FVE6D3WQQ11XCV3AG4W509P6X,2025-04-02T03:11:22Z,31.7
0FVE6D0TT8NBKTN7T44WQ3G2WP,2025-04-02T03:11:12Z,31.7
0FVE6CXPP22Y806WB84RW1JK64,2025-04-02T03:11:02Z,31.7
0FVE6CTMNZ6PVGBSCEE6RQK4A4,2025-04-02T03:10:52Z,31.7
0FVE6CQGQ18X5AWHFP0NNVD42H,2025-04-02T03:10:41Z,31.7
0FVE6CMEXFBBQHWVZ0JFCPAV94,2025-04-02T03:10:31Z,31.7
0FVE6CHBSK8VP1228YSZ1YZTM1,2025-04-02T03:10:21Z,31.7
0FVE6CE8PRSBFM5EA881NCD76N,2025-04-02T03:10:11Z,31.7
0FVE6CB5SW2NBVRCGS1WPV6GKT,2025-04-02T03:10:01Z,31.8
0FVE6C83PQBR99J0DJ5073GVSC,2025-04-02T03:09:51Z,31.7
0FVE6C4ZPDMK7T830QEPXR6B6X,2025-04-02T03:09:41Z,31.7
0FVE6C1WV0351MSGSJP75N8C8D,2025-04-02T03:09:30Z,31.8
0FVE6BYMQCC2BBPSY6CFWDWFGB,2025-04-02T03:09:20Z,31.7
0FVE6BTSPY3DAMA5KJZ7056QJC,2025-04-02T03:09:07Z,31.7
0FVE6BQ7RKYN6NRZ9FH08M4F4M,2025-04-02T03:08:56Z,31.7
0FVE6BKCRB8V4S6T8ZB0ZNNKKT,2025-04-02T03:08:43Z,31.8
0FVE6BFPR3WVM2S94F6KKWF1RC,2025-04-02T03:08:31Z,31.7
0FVE6BCEQFSCW5S3VT4QP1BSJN,2025-04-02T03:08:20Z,31.8
0FVE6B9BRTG2GKBCWG026DSD3H,2025-04-02T03:08:10Z,31.8
0FVE6B3NRE6W2FF7YCF1SYB3EM,2025-04-02T03:07:51Z,31.8
0FVE6B0JVZQGSMKGX3HMNH0JXV,2025-04-02T03:07:41Z,31.8
0FVE6AXFSE5RCTGVR7CQTABR8Q,2025-04-02T03:07:31Z,31.7
0FVE6ATCPF292WHSD6AQ1CKBB0,2025-04-02T03:07:21Z,31.7
0FVE6AQ9RRHYXB9E6XXCTQCTD9,2025-04-02T03:07:11Z,31.7
0FVE6AM9VDAJ5E7ZPKBWRQ1QNT,2025-04-02T03:07:01Z,31.7
0FVE6AH3QX93GH9NE13W39HWM6,2025-04-02T03:06:51Z,31.7
0FVE6AE0NP2Y9GG2C4X9WHKRYR,2025-04-02T03:06:40Z,31.7
0FVE6AAXSQY0WJY5JG2VCC2FNA,2025-04-02T03:06:30Z,31.7
0FVE6A7TPET5408CTE7GT37XY1,2025-04-02T03:06:20Z,31.7
0FVE6A4RRTVVFNB57846WJV4AN,2025-04-02T03:06:10Z,31.7
0FVE6A1NRDWYWEKBNGNW5BGZG7,2025-04-02T03:06:00Z,31.7
0FVE69XWP632A3XH4B08SFQ013,2025-04-02T03:05:48Z,31.7
0FVE69T6Q7KA87JNQRKJ6J1CPQ,2025-04-02T03:05:36Z,31.7
0FVE69MWY9YB2QG6BHBEXVJ1SA,2025-04-02T03:05:18Z,31.7
0FVE69HRNQC02VFNHP9HRYYYAN,2025-04-02T03:05:08Z,31.7
0FVE69EPR3SFJA00D5KW9TSVKW,2025-04-02T03:04:58Z,31.7
0FVE69BKS3FHWFQ96KA68BPVZW,2025-04-02T03:04:48Z,31.7
0FVE6952RFVFYVPGDQH1EK620X,2025-04-02T03:04:26Z,31.7
0FVE691ZS529WY3N1Y3F0WFAWV,2025-04-02T03:04:16Z,31.7
0FVE68YWPHCW577CG347PN8GSM,2025-04-02T03:04:06Z,31.7
0FVE68VSTF5AHK5NYYFM4T6QDX,2025-04-02T03:03:56Z,31.8
0FVE68RPTR0N4XYRG0V5SNP9DZ,2025-04-02T03:03:46Z,31.7
0FVE67VNTT1D5RXDBSQSQN50QE,2025-04-02T03:02:11Z,31.6
0FVE67RJTQGGT6VVRGR15GKB9F,2025-04-02T03:02:01Z,31.5
0FVE67NFWVX0Z5QXFK63DJZAMC,2025-04-02T03:01:50Z,31.5
0FVE67EZ0HT9JF8Q3WXBZK25HJ,2025-04-02T03:01:29Z,31.5
0FVE67BVPBST6G2ESVFCMXSPM2,2025-04-02T03:01:19Z,31.5
0FVE678RPGHV3HQZ51KKFXCHSV,2025-04-02T03:01:09Z,31.5
0FVE6728WV8TF8VZQSCHA3GGD7,2025-04-02T03:00:47Z,31.5
0FVE66Z5P8PHP8WBRWXV20Z9F7,2025-04-02T03:00:37Z,31.6
0FVE66W3XHQQ9TN5YE9MF7G8JS,2025-04-02T03:00:27Z,31.6
0FVE66RZSBDNAY6XQ5JVB2MQ05,2025-04-02T03:00:17Z,31.7
0FVE66NWZ8VV7YWNS21WANC9N6,2025-04-02T03:00:07Z,31.7
0FVE66JSNKA2RB5KHWCF8CB1ZR,2025-04-02T02:59:57Z,31.7
0FVE66FQQYK2HRP5PWQG9FFHDZ,2025-04-02T02:59:47Z,31.8
0FVE669FNZVZG81R27CKVBAY3T,2025-04-02T02:59:26Z,31.8
0FVE666CRMYKKYCVH6D6AQ5QCM,2025-04-02T02:59:16Z,31.8
0FVE6639YZ6Y5GE3V8N4JYP3RW,2025-04-02T02:59:06Z,31.8
0FVE65ZHRQHWNWAMCZF53CPHVJ,2025-04-02T02:58:54Z,31.8
0FVE65WEPZJZB34FG2ZH9GSNQK,2025-04-02T02:58:44Z,31.8
0FVE65SBQCY11SJHPSW427TV33,2025-04-02T02:58:33Z,31.8
0FVE65M1R2SHDT2V0X0Y7MX4ES,2025-04-02T02:58:16Z,31.7
0FVE65GYNMNZ5VMV7R5DRE5JNE,2025-04-02T02:58:06Z,31.7
0FVE65DWPH6K3BE00PYBRGQVKX,2025-04-02T02:57:56Z,31.7
0FVE65ARQ4K39D913VM5PP044B,2025-04-02T02:57:46Z,31.7
0FVE657NRWZJ1HZ35GX1W4XPQY,2025-04-02T02:57:35Z,31.7
0FVE654KSGVAQDB8RX6QWMTTHK,2025-04-02T02:57:25Z,31.6
0FVE651GNXMSPZ87V44NCHR3S0,2025-04-02T02:57:15Z,31.7
0FVE64YDQT09GMVVM5JP43KYJV,2025-04-02T02:57:05Z,31.7
0FVE64VBQ5PFQC2D2C2DR7EPJ6,2025-04-02T02:56:55Z,31.7
0FVE64R7XJXXPYW9M5W7YVM1XM,2025-04-02T02:56:45Z,31.7
0FVE64N4S86C07YJSR5595NGS9,2025-04-02T02:56:35Z,31.7
0FVE64J1WZH61FZV9WXXYKH8KP,2025-04-02T02:56:25Z,31.7
0FVE64EZQ121DNYXSHK266RPCR,2025-04-02T02:56:15Z,31.6
0FVE64BW51YYKHQYFPDD8XAPMP,2025-04-02T02:56:04Z,31.6
0FVE648RS0ZQFM0H46PDTV0PPM,2025-04-02T02:55:54Z,31.6
0FVE645PSB7E3EA4BJTAPQAT9S,2025-04-02T02:55:44Z,31.5
0FVE642KW0RC172NBZHCS7P77T,2025-04-02T02:55:34Z,31.5
0FVE63ZGR3EQ37QEX54FQ5DK0N,2025-04-02T02:55:24Z,31.5
0FVE63WDQ8MWEZXST0SDTQ4NJ0,2025-04-02T02:55:14Z,31.5
0FVE61VPRPA2MFHVXFQ7NS7WK6,2025-04-02T02:51:42Z,30.9
0FVE61RMTQ61HQTWEH4Q9PWYZB,2025-04-02T02:51:32Z,30.8
0FVE61NHW18BWZNP2QE28562QD,2025-04-02T02:51:21Z,30.8
0FVE61EJR9Y611YZ8HHKH7J1MD,2025-04-02T02:50:59Z,30.8
0FVE61BFP4XG51X8TW4ZAJS2J2,2025-04-02T02:50:48Z,30.7
0FVE618DR0NYG24FX1Y0TFE71S,2025-04-02T02:50:38Z,30.7
0FVE615APXY5DVFG6HVFCF4B1G,2025-04-02T02:50:28Z,30.7
0FVE6126R6SHFS7A37F1134B76,2025-04-02T02:50:18Z,30.7
0FVE60Z4PAX6D61J20PZ2M70YH,2025-04-02T02:50:08Z,30.7
0FVE60W1R414Z7F8AX0KA6H146,2025-04-02T02:49:58Z,30.7
0FVE60SNQ9QKJP6M7WF8T4AH2C,2025-04-02T02:49:50Z,30.7
0FVE60NVRPWQN0GETDAFK9W30Z,2025-04-02T02:49:38Z,30.7
0FVE60JRQM5QADKVXYZC0GSP6H,2025-04-02T02:49:27Z,30.7
0FVE60FNPJMRQFBYGN054SWG1Q,2025-04-02T02:49:17Z,30.7
0FVE60D4VB00F6E9P2VS0CN145,2025-04-02T02:49:09Z,30.7
0FVE609GNSMDADFFARZC5KD0JP,2025-04-02T02:48:57Z,30.7
0FVE606CZ6NE0DVFE8NV40X44Y,2025-04-02T02:48:47Z,30.7
0FVE6039YX7NYY5C4JVHMKPADJ,2025-04-02T02:48:37Z,30.7
0FVE6007PQ7FA8ME910M7K9DXD,2025-04-02T02:48:27Z,30.7
0FVE5ZX3XXC8P5AG0G2HPP2H34,2025-04-02T02:48:17Z,30.7
0FVE5ZT1RCXWN1XNDJGGCF2PQK,2025-04-02T02:48:06Z,30.6
0FVE5ZPYT2JV0Z0M3PSGM0BP68,2025-04-02T02:47:56Z,30.6
0FVE5ZKVQ66P4JGBYJ7HDJEPHG,2025-04-02T02:47:46Z,30.6
0FVE5ZGRTGJWG4QVYXR2NJ491E,2025-04-02T02:47:36Z,30.6
0FVE5ZDP4A4ZRPBJXBP6ACY6T6,2025-04-02T02:47:26Z,30.6
0FVE5ZAJQNYJXJGDS894G7WD59,2025-04-02T02:47:16Z,30.6
0FVE5Z7FZFCK58NF944ME1NH6G,2025-04-02T02:47:06Z,30.6
0FVE5Z4BST7CBTE8RGV96M3B7C,2025-04-02T02:46:55Z,30.6
0FVE5Z19Q1GQCFF9FK65DKE5SD,2025-04-02T02:46:45Z,30.7
0FVE5YY6V54HT0JPF16K2ACT1P,2025-04-02T02:46:35Z,30.7
0FVE5YV3R8P1BQMRSRYH3KSFPT,2025-04-02T02:46:25Z,30.7
0FVE5YR0T29E596K3JEXD6ER7D,2025-04-02T02:46:15Z,30.7
0FVE5YMY1KJP19T0CAKF0W3YXP,2025-04-02T02:46:05Z,30.7
0FVE5YHTVWGCCZB6A8JHX8JQ2E,2025-04-02T02:45:55Z,30.7
0FVE5YESMB1556FJMFXKSWCM2M,2025-04-02T02:45:45Z,30.6
0FVE5YBMPT7AG03FJS4CJDQ55Y,2025-04-02T02:45:34Z,30.6
0FVE5Y8JQZTQ9QA138HSBVNYXF,2025-04-02T02:45:24Z,30.6
0FVE5Y5FS3CCJJ4Y8PNZQN1P0Z,2025-04-02T02:45:14Z,30.6
0FVE5Y2D005E8EKDV42728NP5R,2025-04-02T02:45:04Z,30.6
0FVE5XZ9Q578E4VNS0MVZ6ZC89,2025-04-02T02:44:54Z,30.6
0FVE5XW6Q651P8THS4YSYKK2Z9,2025-04-02T02:44:44Z,30.6
0FVE5XS3QJZF2T7QN08583GPTQ,2025-04-02T02:44:34Z,30.6
0FVE5XP0TXWHM5SCW77Q37K0J0,2025-04-02T02:44:24Z,30.6
0FVE5XJXNWDKP6ED3N55QA1CWD,2025-04-02T02:44:13Z,30.6
0FVE5XFTTCTJD4CFVZR03GR2AT,2025-04-02T02:44:03Z,30.6
0FVE5XCQQAABFSYGGF8HWK6EBT,2025-04-02T02:43:53Z,30.6
0FVE5X9MQPB6PAQ948FS07YTW3,2025-04-02T02:43:43Z,30.6
0FVE5X6KY25MM02MM3551DWCZ6,2025-04-02T02:43:33Z,30.6
0FVE5X3ET160S3K2BK2FAJ5ZW7,2025-04-02T02:43:23Z,30.5
0FVE5X0CVBA5TJFX9F91R8NZ7W,2025-04-02T02:43:13Z,30.5
0FVE5WX8S1WRXFDHDS5V68HMDG,2025-04-02T02:43:02Z,30.5
0FVE5WT5W2BR1QN25CVP24JFG6,2025-04-02T02:42:52Z,30.5
0FVE5WQ3V541SB450M5BYZ6YNG,2025-04-02T02:42:42Z,30.5
0FVE5WKZSQWHY7Y4VJ52KXMCR2,2025-04-02T02:42:32Z,30.5
0FVE5WGWPZ2KKPM9YJK5YXN1VD,2025-04-02T02:42:22Z,30.5
0FVE5WDTR878H7T3EMZGFFCEKH,2025-04-02T02:42:12Z,30.5
0FVE5WAQSE5FB34A1PKXFH8PZB,2025-04-02T02:42:02Z,30.5
0FVE5W7MQ70CJ5AC1232F5KQNE,2025-04-02T02:41:52Z,30.5
0FVE5W4HQF58CRCG3AJGAVXB2Z,2025-04-02T02:41:41Z,30.5
0FVE5W1GXRKN7FBMQ6V7F66YXA,2025-04-02T02:41:32Z,30.5
0FVE5VYBSDG5XDJ9K0AF851V9E,2025-04-02T02:41:21Z,30.5
0FVE5VV8TMADYSQRYJY5XB7D06,2025-04-02T02:41:11Z,30.5
0FVE5VR5R0Q5GD91HKN5442VD8,2025-04-02T02:41:01Z,30.5
0FVE5VN3QJVKT1MT72CNW17YAB,2025-04-02T02:40:51Z,30.5
0FVE5VHZR7AY9MD6RC5K8SPNV4,2025-04-02T02:40:41Z,30.4
0FVE5VEWS18XYB1P5BM01K8M8T,2025-04-02T02:40:31Z,30.4
0FVE5VBSRERJ046S74F5P5TDHD,2025-04-02T02:40:20Z,30.5
0FVE5V8QTW4J17AHP8Y3ZCNGZY,2025-04-02T02:40:10Z,30.5
0FVE5V5MVK1ZBAMG7D3TH5WCC4,2025-04-02T02:40:00Z,30.5
0FVE5V2HTXF0P4SJV9H9T5F7C1,2025-04-02T02:39:50Z,30.5
0FVE5TZES62ZAKBFKQ8SJFX559,2025-04-02T02:39:40Z,30.5
0FVE5TWBPMQJ1HYAKK0ABKH48D,2025-04-02T02:39:30Z,30.6
0FVE5TS8T6TNNZKN57CF14X0FT,2025-04-02T02:39:20Z,30.6
0FVE5TP5W9NSXFAMP395WS6QXN,2025-04-02T02:39:10Z,30.6
0FVE5TK2QF5QCN7CARS8T5H188,2025-04-02T02:38:59Z,30.6
0FVE5TFZR4P8F0MXWAKVFDE3M4,2025-04-02T02:38:49Z,30.7
0FVE5TCWQ2KGN673108T7G79J7,2025-04-02T02:38:39Z,30.7
0FVE5T9SSJBV8MDBAZ7CBDGGG5,2025-04-02T02:38:29Z,30.7
0FVE5T6PR4G2BM0HDWJQ3YHEGH,2025-04-02T02:38:19Z,30.7
0FVE5T3M18P1XY2Q7Q6C69DE83,2025-04-02T02:38:09Z,30.7
0FVE5T0GPGBSXKYMD98BPTQ8DM,2025-04-02T02:37:59Z,30.8
0FVE5SXEV73PYWNHC0GH785C29,2025-04-02T02:37:49Z,30.8
0FVE5STAQAAG3DYY7Z3XF2ZCM1,2025-04-02T02:37:38Z,30.8
0FVE5SQ7NQEAPY9TEXB078RSPM,2025-04-02T02:37:28Z,30.8
0FVE5SM5SQK3BC5M0R993QR9FB,2025-04-02T02:37:18Z,30.8
0FVE5SH2WP92SPBA2MG8FX2EH8,2025-04-02T02:37:08Z,30.8
0FVE5SDZS7CPWC44GSW7WQR2WB,2025-04-02T02:36:58Z,30.9
0FVE5SAWPX8KFR8N3YEYTVHN8E,2025-04-02T02:36:48Z,30.8
0FVE5S7SW46APVH0YRVBBB1QY2,2025-04-02T02:36:38Z,30.8
0FVE5S4PQY5GT0K5NH5G712S23,2025-04-02T02:36:27Z,30.8
0FVE5S1KNSKNN2BK9M12M4BBP4,2025-04-02T02:36:17Z,30.8
0FVE5RYGR6GY6S2TFR6JYA8TSW,2025-04-02T02:36:07Z,30.7
0FVE5RVE0W25RCVBGX381B2SXD,2025-04-02T02:35:57Z,30.7
0FVE5RRAQPV2VSBMRG2NWYBV1Q,2025-04-02T02:35:47Z,30.7
0FVE5RN8NGE369382WNN2PZ2H2,2025-04-02T02:35:37Z,30.7
0FVE5RJ5X90X5KPM8SJ50M909T,2025-04-02T02:35:27Z,30.6
0FVE5RF1TFBNNV2KRX6MVWYS2H,2025-04-02T02:35:16Z,30.6
0FVE5RBZQF1JD59J2B4T989C5H,2025-04-02T02:35:06Z,30.7
0FVE5R8WVK9N5Q3VHKK7DX5QFB,2025-04-02T02:34:56Z,30.6
0FVE5R5RPQJ2QM47APHSZEQFJK,2025-04-02T02:34:46Z,30.7
0FVE5R2Q2C5Y6WFEWNH2RXWYTA,2025-04-02T02:34:36Z,30.7
0FVE5QZKQT0G5VPG3KHHSM267K,2025-04-02T02:34:26Z,30.7
0FVE5QWGSFZAB7J923W0WZRTXE,2025-04-02T02:34:16Z,30.7
0FVE5QSDPGR7171XQ3DRG6JADF,2025-04-02T02:34:06Z,30.7
0FVE5QPAW85FWS0YKNG9V9QCAQ,2025-04-02T02:33:55Z,30.7
0FVE5QK7WARAD90G8XSWCK6H67,2025-04-02T02:33:45Z,30.7
0FVE5QG4R0YZ3N61D63HH4Y4FS,2025-04-02T02:33:35Z,30.7
0FVE5QD1PM4N0MBSC2N0HDTW4X,2025-04-02T02:33:25Z,30.8
0FVE5Q9YVPSW2Z75PTPPZ3TH6V,2025-04-02T02:33:15Z,30.8
0FVE5Q6VQYZGPVGETJQ0CY6V0H,2025-04-02T02:33:05Z,30.8
0FVE5Q3RPFATQXCDHCJEZ4B8EQ,2025-04-02T02:32:55Z,30.8
